project_id,project_name,state,district,stage,start_date,target_completion_date,actual_or_projected_date,planned_duration_days,compensation_pct,legal_case,rr_status,affected_families,budget_crores,latitude,longitude,delay_days,delay_flag,clr_completed_pct,sector,cost_overrun_pct
PRJ-BI-1001,Patna High-Speed Rail Corridor,Bihar,Patna,Section 4 - Preliminary Notification,2023-10-09,2024-12-12,2025-03-14,430,11.1,1,Pending,3041,897.76,25.60136,85.15208,92,1,99.55,Road Transport and Highways,0.0
PRJ-UT-1002,Varanasi Dedicated Freight Corridor,Uttar Pradesh,Varanasi,Award of Compensation (Section 23/30),2023-01-28,2024-02-15,2024-10-25,383,59.9,1,Completed,2897,2548.67,25.36711,82.89494,253,1,96.79,Road Transport and Highways,0.0
PRJ-TA-1003,Coimbatore Metro Rail Phase-II,Tamil Nadu,Coimbatore,Social Impact Assessment (SIA),2023-08-09,2025-01-14,2025-10-11,524,21.9,1,In Progress,1581,492.4,11.06594,76.99256,270,1,99.92,Road Transport and Highways,0.0
PRJ-MA-1004,Thane River Valley Hydro Irrigation Link,Maharashtra,Thane,Section 11 Notification,2024-01-06,2025-01-16,2025-04-14,376,38.2,0,Pending,212,2510.32,19.27515,73.03674,88,1,99.96,Road Transport and Highways,0.0
PRJ-OD-1005,Sambalpur Industrial Corridor Node,Odisha,Sambalpur,Social Impact Assessment (SIA),2024-01-15,2025-07-11,2025-11-17,543,18.7,0,Pending,1118,851.85,21.48436,83.92858,129,1,99.88,Road Transport and Highways,0.0
PRJ-GU-1006,Vadodara Greenfield Airport Access Highway,Gujarat,Vadodara,Section 19 Declaration (R&R Scheme),2023-10-04,2024-11-11,2024-12-06,404,40.3,0,In Progress,3172,2443.46,22.35601,73.16539,25,0,99.99,Road Transport and Highways,0.0
PRJ-WE-1007,Kolkata Industrial Corridor Node,West Bengal,Kolkata,Social Impact Assessment (SIA),2024-05-26,2026-01-01,2027-03-20,585,10.3,1,Pending,2658,3113.69,22.6118,88.37014,443,1,99.57,Road Transport and Highways,0.0
PRJ-KA-1008,Bengaluru Urban Dedicated Freight Corridor,Karnataka,Bengaluru Urban,Social Impact Assessment (SIA),2024-06-05,2026-04-21,2026-06-22,685,8.1,0,Pending,217,454.55,13.01833,77.58215,62,1,95.73,Road Transport and Highways,0.0
PRJ-KA-1009,Mysuru Smart City Bypass,Karnataka,Mysuru,Section 19 Declaration (R&R Scheme),2024-06-25,2025-09-05,2025-12-26,437,35.2,0,Completed,72,3403.11,12.33878,76.61383,112,1,95.73,Road Transport and Highways,0.0
PRJ-GU-1010,Vadodara Greenfield Airport Access Highway,Gujarat,Vadodara,Section 4 - Preliminary Notification,2023-09-27,2025-08-19,2025-11-19,692,13.1,0,Pending,2104,2702.57,22.27495,73.20343,92,1,99.99,Road Transport and Highways,0.0
PRJ-GU-1011,Surat Industrial Corridor Node,Gujarat,Surat,Social Impact Assessment (SIA),2024-07-06,2025-01-02,2025-08-25,180,23.6,1,In Progress,2026,2156.46,21.12851,72.78964,235,1,99.99,Road Transport and Highways,0.0
PRJ-RA-1012,Jaipur High-Speed Rail Corridor,Rajasthan,Jaipur,Award of Compensation (Section 23/30),2023-05-09,2024-03-15,2025-01-19,311,73.7,1,Completed,2276,2360.17,26.9867,75.85593,310,1,97.33,Road Transport and Highways,0.0
PRJ-KA-1013,Mysuru Industrial Corridor Node,Karnataka,Mysuru,Section 19 Declaration (R&R Scheme),2024-06-13,2026-03-17,2027-03-02,642,30.9,1,Pending,945,555.36,12.30995,76.56055,350,1,95.73,Road Transport and Highways,0.0
PRJ-MA-1014,Nagpur Industrial Corridor Node,Maharashtra,Nagpur,Section 4 - Preliminary Notification,2024-06-10,2025-08-07,2026-05-16,423,2.0,1,Pending,2013,1082.9,21.21548,79.09957,282,1,99.96,Road Transport and Highways,0.0
PRJ-OD-1015,Bhubaneswar Dedicated Freight Corridor,Odisha,Bhubaneswar,Section 4 - Preliminary Notification,2023-04-10,2024-12-21,2025-05-23,621,10.9,1,Pending,1708,1336.9,20.32384,85.90197,153,1,99.88,Road Transport and Highways,0.0
PRJ-TA-1016,Coimbatore High-Speed Rail Corridor,Tamil Nadu,Coimbatore,Social Impact Assessment (SIA),2023-07-16,2024-07-24,2024-10-19,374,10.6,0,Pending,599,1946.56,11.07672,76.88786,87,1,99.92,Road Transport and Highways,0.0
PRJ-MA-1017,Nagpur River Valley Hydro Irrigation Link,Maharashtra,Nagpur,Section 4 - Preliminary Notification,2023-04-06,2024-06-01,2024-10-31,422,13.0,1,Pending,2014,707.14,21.21019,79.03454,152,1,99.96,Road Transport and Highways,0.0
PRJ-OD-1018,Sambalpur Metro Rail Phase-II,Odisha,Sambalpur,Section 19 Declaration (R&R Scheme),2024-07-23,2026-06-01,2027-09-30,678,32.6,1,Pending,1240,668.57,21.50658,83.91035,486,1,99.88,Road Transport and Highways,0.0
PRJ-GU-1019,Vadodara National Highway Expansion,Gujarat,Vadodara,Award of Compensation (Section 23/30),2023-03-24,2024-03-28,2024-05-01,370,60.6,0,In Progress,303,379.55,22.37786,73.19235,34,1,99.99,Road Transport and Highways,0.0
PRJ-MA-1020,Bhopal National Highway Expansion,Madhya Pradesh,Bhopal,Award of Compensation (Section 23/30),2023-03-25,2024-11-23,2025-06-14,609,92.1,1,In Progress,2340,2352.2,23.28706,77.38287,203,1,99.97,Road Transport and Highways,0.0
PRJ-BI-1021,Patna Metro Rail Phase-II,Bihar,Patna,Section 19 Declaration (R&R Scheme),2023-11-20,2024-07-31,2024-09-19,254,74.8,0,In Progress,2569,181.21,25.60012,85.13854,50,1,99.55,Road Transport and Highways,0.0
PRJ-MA-1022,Thane Dedicated Freight Corridor,Maharashtra,Thane,Section 11 Notification,2023-10-19,2024-09-24,2025-02-20,341,33.4,0,Pending,2250,1617.92,19.24516,72.98684,149,1,99.96,Road Transport and Highways,0.0
PRJ-UT-1023,Kanpur High-Speed Rail Corridor,Uttar Pradesh,Kanpur,Section 4 - Preliminary Notification,2024-07-20,2025-06-24,2026-04-13,339,5.1,1,Pending,2502,1062.37,26.4799,80.38837,293,1,96.79,Road Transport and Highways,0.0
PRJ-MA-1024,Nagpur High-Speed Rail Corridor,Maharashtra,Nagpur,Possession & Physical Transfer,2024-03-09,2025-06-15,2025-06-29,463,90.9,0,Completed,1391,297.69,21.1844,79.09647,14,0,99.96,Road Transport and Highways,0.0
PRJ-AN-1025,Visakhapatnam National Highway Expansion,Andhra Pradesh,Visakhapatnam,Section 4 - Preliminary Notification,2023-03-19,2024-02-14,2024-07-14,332,2.2,1,Pending,1537,1977.73,17.62719,83.18782,151,1,98.75,Road Transport and Highways,0.0
PRJ-UT-1026,Lucknow High-Speed Rail Corridor,Uttar Pradesh,Lucknow,Section 11 Notification,2024-07-27,2026-03-15,2026-12-27,596,42.9,1,Pending,3094,3412.35,26.92289,80.99592,287,1,96.79,Road Transport and Highways,0.0
PRJ-OD-1027,Bhubaneswar Dedicated Freight Corridor,Odisha,Bhubaneswar,Section 11 Notification,2023-06-13,2024-03-29,2024-03-29,290,21.7,0,In Progress,183,1431.51,20.27205,85.87579,0,0,99.88,Road Transport and Highways,0.0
PRJ-UT-1028,Lucknow National Highway Expansion,Uttar Pradesh,Lucknow,Possession & Physical Transfer,2023-07-17,2025-02-24,2025-03-24,588,82.0,0,Completed,309,1249.68,26.83065,81.02318,28,0,96.79,Road Transport and Highways,0.0
PRJ-TA-1029,Coimbatore National Highway Expansion,Tamil Nadu,Coimbatore,Section 4 - Preliminary Notification,2023-09-25,2024-09-21,2025-05-07,362,8.9,1,Pending,1112,2094.98,10.99211,77.00163,228,1,99.92,Road Transport and Highways,0.0
PRJ-RA-1030,Jodhpur High-Speed Rail Corridor,Rajasthan,Jodhpur,Section 19 Declaration (R&R Scheme),2024-08-13,2025-08-22,2026-11-11,374,53.4,1,Pending,2928,1003.32,26.21718,72.9555,446,1,97.33,Road Transport and Highways,0.0
PRJ-GU-1031,Ahmedabad Metro Rail Phase-II,Gujarat,Ahmedabad,Award of Compensation (Section 23/30),2023-11-13,2025-07-03,2026-03-24,598,55.7,1,Completed,2880,1242.71,23.04889,72.55206,264,1,99.99,Road Transport and Highways,0.0
PRJ-TA-1032,Chennai Multi-Modal Logistics Park,Tamil Nadu,Chennai,Award of Compensation (Section 23/30),2023-01-01,2024-05-06,2024-07-27,491,77.3,0,Completed,1785,1111.16,13.0771,80.26145,82,1,99.92,Road Transport and Highways,0.0
PRJ-RA-1033,Jaipur Expressway Link Road,Rajasthan,Jaipur,Possession & Physical Transfer,2023-03-28,2024-07-10,2024-11-28,470,77.3,1,Completed,2617,1876.76,26.86998,75.75697,141,1,97.33,Road Transport and Highways,0.0
PRJ-MA-1034,Nagpur Dedicated Freight Corridor,Maharashtra,Nagpur,Section 19 Declaration (R&R Scheme),2023-03-16,2024-12-21,2025-11-11,646,62.3,1,In Progress,2604,1538.38,21.1449,79.04724,325,1,99.96,Road Transport and Highways,0.0
PRJ-GU-1035,Ahmedabad Multi-Modal Logistics Park,Gujarat,Ahmedabad,Social Impact Assessment (SIA),2023-06-30,2025-06-09,2026-05-27,710,22.0,1,In Progress,2308,1706.24,22.96383,72.56574,352,1,99.99,Road Transport and Highways,0.0
PRJ-TA-1036,Coimbatore Greenfield Airport Access Highway,Tamil Nadu,Coimbatore,Award of Compensation (Section 23/30),2024-05-31,2026-02-06,2027-01-06,616,57.2,1,Completed,2269,2932.41,11.00881,76.99608,334,1,99.92,Road Transport and Highways,0.0
PRJ-RA-1037,Jaipur Dedicated Freight Corridor,Rajasthan,Jaipur,Section 11 Notification,2024-03-26,2024-12-10,2025-04-01,259,24.6,0,Pending,985,2540.38,26.85454,75.7443,112,1,97.33,Road Transport and Highways,0.0
PRJ-UT-1038,Varanasi High-Speed Rail Corridor,Uttar Pradesh,Varanasi,Section 19 Declaration (R&R Scheme),2024-02-22,2025-07-24,2026-06-12,518,67.5,1,In Progress,1728,1967.75,25.38237,82.98735,323,1,96.79,Road Transport and Highways,0.0
PRJ-KA-1039,Mysuru Greenfield Airport Access Highway,Karnataka,Mysuru,Section 4 - Preliminary Notification,2023-12-27,2025-04-25,2026-01-06,485,11.0,1,Pending,1741,2674.14,12.34378,76.70305,256,1,95.73,Road Transport and Highways,0.0
PRJ-OD-1040,Bhubaneswar Greenfield Airport Access Highway,Odisha,Bhubaneswar,Section 4 - Preliminary Notification,2024-02-03,2025-07-11,2025-09-10,524,12.6,0,Pending,1681,2390.73,20.36323,85.90142,61,1,99.88,Road Transport and Highways,0.0
PRJ-KA-1041,Mysuru Smart City Bypass,Karnataka,Mysuru,Award of Compensation (Section 23/30),2023-01-28,2023-10-20,2023-10-21,265,58.2,0,Completed,580,2303.21,12.27646,76.59327,1,0,95.73,Road Transport and Highways,0.0
PRJ-TA-1042,Coimbatore Multi-Modal Logistics Park,Tamil Nadu,Coimbatore,Section 11 Notification,2024-03-07,2025-05-19,2026-01-18,438,31.2,1,In Progress,1951,2946.95,10.97268,76.88678,244,1,99.92,Road Transport and Highways,0.0
PRJ-UT-1043,Lucknow Dedicated Freight Corridor,Uttar Pradesh,Lucknow,Section 4 - Preliminary Notification,2023-06-06,2024-08-03,2025-04-22,424,14.2,1,Pending,2767,572.84,26.84111,80.9072,262,1,96.79,Road Transport and Highways,0.0
PRJ-MA-1044,Bhopal High-Speed Rail Corridor,Madhya Pradesh,Bhopal,Social Impact Assessment (SIA),2023-11-15,2024-08-31,2025-01-12,290,23.2,1,In Progress,1302,2088.59,23.24336,77.447,134,1,99.97,Road Transport and Highways,0.0
PRJ-BI-1045,Patna Dedicated Freight Corridor,Bihar,Patna,Section 4 - Preliminary Notification,2023-11-05,2024-09-03,2025-01-17,303,5.2,0,Pending,2343,2817.36,25.58264,85.11689,136,1,99.55,Road Transport and Highways,0.0
PRJ-TA-1046,Coimbatore National Highway Expansion,Tamil Nadu,Coimbatore,Section 19 Declaration (R&R Scheme),2024-05-16,2025-02-28,2026-06-04,288,67.3,1,Pending,1508,1602.3,11.00648,76.99321,461,1,99.92,Road Transport and Highways,0.0
PRJ-RA-1047,Jaipur Greenfield Airport Access Highway,Rajasthan,Jaipur,Section 19 Declaration (R&R Scheme),2023-10-02,2025-02-23,2025-07-02,510,50.3,1,In Progress,379,3003.24,26.92358,75.81421,129,1,97.33,Road Transport and Highways,0.0
PRJ-RA-1048,Jaipur Industrial Corridor Node,Rajasthan,Jaipur,Social Impact Assessment (SIA),2024-05-14,2025-06-15,2025-06-15,397,22.6,0,In Progress,1083,1338.66,26.92133,75.78996,0,0,97.33,Road Transport and Highways,0.0
PRJ-MA-1049,Thane Dedicated Freight Corridor,Maharashtra,Thane,Possession & Physical Transfer,2024-02-21,2026-01-01,2026-01-01,680,91.1,0,Completed,1009,2009.84,19.26517,72.91299,0,0,99.96,Road Transport and Highways,0.0
PRJ-KA-1050,Mysuru Dedicated Freight Corridor,Karnataka,Mysuru,Section 11 Notification,2024-08-18,2026-02-26,2026-09-23,557,44.9,1,In Progress,2199,1735.42,12.27209,76.632,209,1,95.73,Road Transport and Highways,0.0
PRJ-GU-1051,Ahmedabad Dedicated Freight Corridor,Gujarat,Ahmedabad,Section 11 Notification,2023-05-03,2024-05-06,2024-12-12,369,36.7,1,In Progress,3050,791.66,23.09938,72.62462,220,1,99.99,Road Transport and Highways,0.0
PRJ-GU-1052,Vadodara Metro Rail Phase-II,Gujarat,Vadodara,Section 4 - Preliminary Notification,2024-06-30,2025-05-05,2025-05-27,309,10.5,0,Pending,248,1068.94,22.2474,73.24015,22,0,99.99,Road Transport and Highways,0.0
PRJ-GU-1053,Ahmedabad National Highway Expansion,Gujarat,Ahmedabad,Award of Compensation (Section 23/30),2023-10-19,2025-08-09,2026-01-30,660,52.3,1,Completed,1420,1753.69,22.96075,72.50185,174,1,99.99,Road Transport and Highways,0.0
PRJ-WE-1054,Kolkata National Highway Expansion,West Bengal,Kolkata,Social Impact Assessment (SIA),2023-06-02,2024-10-05,2025-08-12,491,20.3,1,Pending,1041,435.36,22.61671,88.34476,311,1,99.57,Road Transport and Highways,0.0
PRJ-OD-1055,Bhubaneswar Metro Rail Phase-II,Odisha,Bhubaneswar,Award of Compensation (Section 23/30),2023-03-03,2023-12-09,2023-12-09,281,61.9,0,In Progress,876,3324.43,20.24123,85.77231,0,0,99.88,Road Transport and Highways,0.0
PRJ-GU-1056,Vadodara National Highway Expansion,Gujarat,Vadodara,Section 19 Declaration (R&R Scheme),2024-04-06,2026-01-27,2026-08-02,661,42.7,1,In Progress,973,1125.72,22.23859,73.13855,187,1,99.99,Road Transport and Highways,0.0
PRJ-WE-1057,Kolkata Dedicated Freight Corridor,West Bengal,Kolkata,Section 19 Declaration (R&R Scheme),2023-04-28,2024-06-11,2024-12-25,410,33.2,0,In Progress,1113,2319.58,22.61942,88.37911,197,1,99.57,Road Transport and Highways,0.0
PRJ-TA-1058,Chennai Greenfield Airport Access Highway,Tamil Nadu,Chennai,Section 4 - Preliminary Notification,2024-04-24,2025-08-28,2025-09-12,491,7.4,0,Pending,1140,2494.11,13.01557,80.19708,15,0,99.92,Road Transport and Highways,0.0
PRJ-TA-1059,Coimbatore Smart City Bypass,Tamil Nadu,Coimbatore,Section 11 Notification,2023-01-27,2023-10-27,2024-03-22,273,32.3,0,Pending,2786,916.9,11.09673,76.98337,147,1,99.92,Road Transport and Highways,0.0
PRJ-GU-1060,Vadodara Greenfield Airport Access Highway,Gujarat,Vadodara,Award of Compensation (Section 23/30),2024-03-28,2025-07-05,2026-03-12,464,86.6,1,In Progress,2422,757.99,22.3024,73.16654,250,1,99.99,Road Transport and Highways,0.0
PRJ-GU-1061,Vadodara Industrial Corridor Node,Gujarat,Vadodara,Section 19 Declaration (R&R Scheme),2024-05-22,2025-09-09,2025-11-03,475,54.8,0,Completed,1665,2369.65,22.24129,73.14158,55,1,99.99,Road Transport and Highways,0.0
PRJ-RA-1062,Jodhpur National Highway Expansion,Rajasthan,Jodhpur,Possession & Physical Transfer,2024-07-09,2026-04-23,2026-04-23,653,90.6,0,Completed,793,1534.38,26.22963,72.95256,0,0,97.33,Road Transport and Highways,0.0
PRJ-AN-1063,Visakhapatnam Expressway Link Road,Andhra Pradesh,Visakhapatnam,Section 11 Notification,2024-03-24,2026-01-29,2026-10-28,676,22.2,1,Pending,2605,556.78,17.65652,83.14069,272,1,98.75,Road Transport and Highways,0.0
PRJ-OD-1064,Sambalpur High-Speed Rail Corridor,Odisha,Sambalpur,Possession & Physical Transfer,2023-06-07,2025-04-27,2025-11-12,690,81.8,1,Completed,1220,3274.39,21.54374,83.9402,199,1,99.88,Road Transport and Highways,0.0
PRJ-KA-1065,Mysuru Dedicated Freight Corridor,Karnataka,Mysuru,Award of Compensation (Section 23/30),2024-06-04,2025-04-19,2025-04-19,319,88.4,0,Completed,1156,3044.49,12.36528,76.64064,0,0,95.73,Road Transport and Highways,0.0
PRJ-TA-1066,Chennai Metro Rail Phase-II,Tamil Nadu,Chennai,Award of Compensation (Section 23/30),2024-08-16,2026-06-28,2027-02-20,681,65.5,1,Completed,1854,3048.62,13.07556,80.24218,237,1,99.92,Road Transport and Highways,0.0
PRJ-WE-1067,Kolkata Multi-Modal Logistics Park,West Bengal,Kolkata,Social Impact Assessment (SIA),2024-02-25,2024-10-06,2025-01-06,224,21.2,0,In Progress,1962,1215.89,22.65075,88.41068,92,1,99.57,Road Transport and Highways,0.0
PRJ-RA-1068,Jaipur National Highway Expansion,Rajasthan,Jaipur,Social Impact Assessment (SIA),2024-05-29,2025-10-30,2026-11-04,519,23.2,1,Pending,1828,3063.5,26.94799,75.7729,370,1,97.33,Road Transport and Highways,0.0
PRJ-UT-1069,Kanpur Industrial Corridor Node,Uttar Pradesh,Kanpur,Award of Compensation (Section 23/30),2024-02-12,2024-10-31,2025-03-01,262,67.1,0,Completed,2787,3003.41,26.47019,80.39389,121,1,96.79,Road Transport and Highways,0.0
PRJ-MA-1070,Nagpur Smart City Bypass,Maharashtra,Nagpur,Section 4 - Preliminary Notification,2023-08-29,2024-12-15,2025-06-05,474,14.7,1,Pending,3083,3491.38,21.18746,79.12082,172,1,99.96,Road Transport and Highways,0.0
PRJ-TA-1071,Chennai National Highway Expansion,Tamil Nadu,Chennai,Section 4 - Preliminary Notification,2023-11-29,2024-07-23,2024-12-29,237,3.7,1,Pending,1560,1132.78,13.06863,80.29979,159,1,99.92,Road Transport and Highways,0.0
PRJ-MA-1072,Thane Smart City Bypass,Maharashtra,Thane,Section 19 Declaration (R&R Scheme),2023-09-04,2025-07-24,2026-02-04,689,58.7,1,In Progress,611,3207.98,19.17915,72.8996,195,1,99.96,Road Transport and Highways,0.0
PRJ-AN-1073,Visakhapatnam Expressway Link Road,Andhra Pradesh,Visakhapatnam,Section 4 - Preliminary Notification,2024-03-28,2025-09-12,2026-01-29,533,6.4,1,Pending,1250,3458.63,17.64682,83.27375,139,1,98.75,Road Transport and Highways,0.0
PRJ-RA-1074,Jaipur High-Speed Rail Corridor,Rajasthan,Jaipur,Social Impact Assessment (SIA),2024-01-26,2025-07-26,2026-06-19,547,24.6,1,In Progress,2889,2075.62,26.87632,75.79785,328,1,97.33,Road Transport and Highways,0.0
PRJ-RA-1075,Jaipur Metro Rail Phase-II,Rajasthan,Jaipur,Social Impact Assessment (SIA),2023-12-27,2025-02-03,2026-02-18,404,20.1,1,Pending,2568,2282.67,26.93292,75.85184,380,1,97.33,Road Transport and Highways,0.0
PRJ-MA-1076,Nagpur Smart City Bypass,Maharashtra,Nagpur,Section 11 Notification,2023-05-15,2024-02-11,2024-06-08,272,20.3,0,Pending,1363,3197.25,21.19164,79.14843,118,1,99.96,Road Transport and Highways,0.0
PRJ-RA-1077,Jodhpur Metro Rail Phase-II,Rajasthan,Jodhpur,Social Impact Assessment (SIA),2023-09-21,2025-07-25,2025-11-21,673,11.8,0,Pending,1233,3390.74,26.23383,72.95635,119,1,97.33,Road Transport and Highways,0.0
PRJ-KA-1078,Mysuru River Valley Hydro Irrigation Link,Karnataka,Mysuru,Section 11 Notification,2023-04-03,2024-11-07,2025-07-29,584,26.1,1,In Progress,2222,196.63,12.30933,76.69099,264,1,95.73,Road Transport and Highways,0.0
PRJ-UT-1079,Lucknow Greenfield Airport Access Highway,Uttar Pradesh,Lucknow,Section 4 - Preliminary Notification,2024-07-28,2025-12-25,2026-02-06,515,9.5,0,Pending,931,3216.11,26.84098,80.97837,43,1,96.79,Road Transport and Highways,0.0
PRJ-OD-1080,Bhubaneswar High-Speed Rail Corridor,Odisha,Bhubaneswar,Social Impact Assessment (SIA),2023-02-16,2023-09-22,2025-01-24,218,9.7,1,Pending,2042,1169.62,20.27828,85.80386,490,1,99.88,Road Transport and Highways,0.0
PRJ-GU-1081,Surat Multi-Modal Logistics Park,Gujarat,Surat,Possession & Physical Transfer,2023-04-12,2025-02-21,2025-07-23,681,84.3,1,Completed,1170,2212.43,21.24229,72.88797,152,1,99.99,Road Transport and Highways,0.0
PRJ-KA-1082,Bengaluru Urban River Valley Hydro Irrigation Link,Karnataka,Bengaluru Urban,Possession & Physical Transfer,2024-01-03,2024-09-01,2024-10-12,242,98.7,0,Completed,802,1483.77,12.90627,77.54854,41,1,95.73,Road Transport and Highways,0.0
PRJ-MA-1083,Bhopal National Highway Expansion,Madhya Pradesh,Bhopal,Section 4 - Preliminary Notification,2023-12-08,2025-02-09,2025-08-17,429,12.4,1,Pending,2337,3462.55,23.26857,77.42642,189,1,99.97,Road Transport and Highways,0.0
PRJ-MA-1084,Bhopal National Highway Expansion,Madhya Pradesh,Bhopal,Section 11 Notification,2023-05-29,2024-04-06,2024-12-23,313,41.0,1,Pending,739,1959.72,23.18228,77.459,261,1,99.97,Road Transport and Highways,0.0
PRJ-MA-1085,Pune Expressway Link Road,Maharashtra,Pune,Section 11 Notification,2023-02-23,2023-12-29,2024-08-03,309,16.9,1,In Progress,2179,2634.76,18.56488,73.85882,218,1,99.96,Road Transport and Highways,0.0
PRJ-UT-1086,Lucknow Smart City Bypass,Uttar Pradesh,Lucknow,Section 4 - Preliminary Notification,2024-06-17,2025-10-18,2026-05-27,488,7.2,1,Pending,152,1684.44,26.83096,80.97598,221,1,96.79,Road Transport and Highways,0.0
PRJ-MA-1087,Thane High-Speed Rail Corridor,Maharashtra,Thane,Section 11 Notification,2023-06-01,2024-02-03,2024-10-27,247,31.5,1,In Progress,2582,572.74,19.19924,72.99368,267,1,99.96,Road Transport and Highways,0.0
PRJ-MA-1088,Bhopal Multi-Modal Logistics Park,Madhya Pradesh,Bhopal,Section 4 - Preliminary Notification,2023-04-28,2024-06-01,2024-06-01,400,12.4,0,Pending,960,1590.73,23.2437,77.44934,0,0,99.97,Road Transport and Highways,0.0
PRJ-OD-1089,Bhubaneswar Industrial Corridor Node,Odisha,Bhubaneswar,Possession & Physical Transfer,2023-09-19,2025-04-04,2025-05-27,563,76.7,0,Completed,2838,3344.53,20.23102,85.75995,53,1,99.88,Road Transport and Highways,0.0
PRJ-AN-1090,Visakhapatnam National Highway Expansion,Andhra Pradesh,Visakhapatnam,Award of Compensation (Section 23/30),2024-07-29,2025-12-28,2026-09-12,517,79.9,1,Completed,1707,2394.54,17.74569,83.25387,258,1,98.75,Road Transport and Highways,0.0
PRJ-KA-1091,Bengaluru Urban High-Speed Rail Corridor,Karnataka,Bengaluru Urban,Award of Compensation (Section 23/30),2024-06-03,2025-07-05,2026-03-14,397,54.9,1,Completed,2000,668.35,12.90998,77.55917,252,1,95.73,Road Transport and Highways,0.0
PRJ-MA-1092,Bhopal Smart City Bypass,Madhya Pradesh,Bhopal,Possession & Physical Transfer,2024-07-24,2025-02-15,2025-05-03,206,81.7,0,Completed,2719,2190.13,23.29233,77.38204,77,1,99.97,Road Transport and Highways,0.0
PRJ-MA-1093,Pune Expressway Link Road,Maharashtra,Pune,Social Impact Assessment (SIA),2024-08-02,2026-03-15,2026-12-22,590,5.6,1,Pending,3060,383.11,18.50059,73.84928,282,1,99.96,Road Transport and Highways,0.0
PRJ-WE-1094,Kolkata Smart City Bypass,West Bengal,Kolkata,Section 4 - Preliminary Notification,2023-02-23,2024-01-28,2024-12-27,339,1.2,1,Pending,2555,677.32,22.5635,88.35174,334,1,99.57,Road Transport and Highways,0.0
PRJ-UT-1095,Kanpur Dedicated Freight Corridor,Uttar Pradesh,Kanpur,Award of Compensation (Section 23/30),2023-04-27,2024-10-11,2024-11-16,533,76.7,0,Completed,1185,1590.21,26.37717,80.31514,36,1,96.79,Road Transport and Highways,0.0
PRJ-MA-1096,Nagpur National Highway Expansion,Maharashtra,Nagpur,Social Impact Assessment (SIA),2023-11-05,2024-12-05,2025-11-24,396,11.6,1,Pending,3155,2720.62,21.14538,79.0771,354,1,99.96,Road Transport and Highways,0.0
PRJ-UT-1097,Lucknow River Valley Hydro Irrigation Link,Uttar Pradesh,Lucknow,Award of Compensation (Section 23/30),2023-12-29,2024-09-07,2025-08-30,253,50.8,1,In Progress,3064,1480.19,26.90464,80.95832,357,1,96.79,Road Transport and Highways,0.0
PRJ-BI-1098,Patna Multi-Modal Logistics Park,Bihar,Patna,Section 11 Notification,2023-04-28,2024-12-12,2025-04-08,594,43.4,1,In Progress,1355,219.87,25.64722,85.20476,117,1,99.55,Road Transport and Highways,0.0
PRJ-GU-1099,Ahmedabad Dedicated Freight Corridor,Gujarat,Ahmedabad,Section 19 Declaration (R&R Scheme),2024-02-15,2026-01-31,2026-02-27,716,40.0,0,In Progress,1295,413.47,22.95472,72.59272,27,0,99.99,Road Transport and Highways,0.0
PRJ-RA-1100,Jodhpur Dedicated Freight Corridor,Rajasthan,Jodhpur,Section 11 Notification,2023-12-26,2024-11-21,2025-03-08,331,20.2,0,Pending,624,941.5,26.28053,73.04918,107,1,97.33,Road Transport and Highways,0.0
PRJ-RA-1101,Jaipur Greenfield Airport Access Highway,Rajasthan,Jaipur,Award of Compensation (Section 23/30),2024-08-16,2026-05-17,2026-11-05,639,94.4,1,Completed,2337,2431.8,26.97068,75.80765,172,1,97.33,Road Transport and Highways,0.0
PRJ-RA-1102,Jaipur Greenfield Airport Access Highway,Rajasthan,Jaipur,Possession & Physical Transfer,2023-11-07,2025-02-10,2025-07-01,461,82.8,1,Completed,1466,2131.26,26.8415,75.84037,141,1,97.33,Road Transport and Highways,0.0
PRJ-MA-1103,Thane Smart City Bypass,Maharashtra,Thane,Award of Compensation (Section 23/30),2024-06-03,2025-12-28,2026-04-04,573,83.3,0,In Progress,2295,1700.08,19.21026,73.02767,97,1,99.96,Road Transport and Highways,0.0
PRJ-TA-1104,Coimbatore Smart City Bypass,Tamil Nadu,Coimbatore,Section 19 Declaration (R&R Scheme),2024-05-28,2025-04-27,2026-01-14,334,70.5,1,In Progress,1870,3358.37,11.09398,76.88929,262,1,99.92,Road Transport and Highways,0.0
PRJ-UT-1105,Lucknow Greenfield Airport Access Highway,Uttar Pradesh,Lucknow,Section 19 Declaration (R&R Scheme),2024-06-20,2026-06-05,2027-02-05,715,42.7,1,In Progress,1515,2192.85,26.89061,80.97482,245,1,96.79,Road Transport and Highways,0.0
PRJ-TA-1106,Coimbatore High-Speed Rail Corridor,Tamil Nadu,Coimbatore,Section 11 Notification,2023-04-07,2024-11-02,2025-03-18,575,43.9,0,Pending,2989,1101.89,10.99014,76.96904,136,1,99.92,Road Transport and Highways,0.0
PRJ-BI-1107,Patna Multi-Modal Logistics Park,Bihar,Patna,Social Impact Assessment (SIA),2023-03-28,2024-08-06,2024-12-13,497,21.3,0,Pending,2660,2022.39,25.61746,85.12535,129,1,99.55,Road Transport and Highways,0.0
PRJ-TA-1108,Chennai Expressway Link Road,Tamil Nadu,Chennai,Social Impact Assessment (SIA),2023-12-16,2025-10-23,2026-08-26,677,10.9,1,Pending,588,793.22,13.08393,80.27706,307,1,99.92,Road Transport and Highways,0.0
PRJ-TA-1109,Coimbatore Smart City Bypass,Tamil Nadu,Coimbatore,Social Impact Assessment (SIA),2024-01-21,2024-12-23,2025-07-08,337,21.2,0,Pending,2862,693.53,11.05219,76.88279,197,1,99.92,Road Transport and Highways,0.0
PRJ-OD-1110,Sambalpur Smart City Bypass,Odisha,Sambalpur,Section 11 Notification,2024-04-04,2025-05-28,2025-09-25,419,38.5,0,Pending,1292,1938.94,21.44575,84.05274,120,1,99.88,Road Transport and Highways,0.0
PRJ-TA-1111,Chennai Multi-Modal Logistics Park,Tamil Nadu,Chennai,Award of Compensation (Section 23/30),2024-06-24,2026-02-22,2026-03-01,608,56.2,0,Completed,842,3387.0,13.01105,80.26759,7,0,99.92,Road Transport and Highways,0.0
PRJ-AN-1112,Visakhapatnam High-Speed Rail Corridor,Andhra Pradesh,Visakhapatnam,Possession & Physical Transfer,2024-06-12,2025-04-15,2025-11-28,307,86.2,1,Completed,3150,1104.96,17.73977,83.15317,227,1,98.75,Road Transport and Highways,0.0
PRJ-MA-1113,Pune Multi-Modal Logistics Park,Maharashtra,Pune,Section 4 - Preliminary Notification,2024-02-10,2026-01-04,2026-04-29,694,5.6,0,Pending,1606,1402.77,18.44491,73.92563,115,1,99.96,Road Transport and Highways,0.0
PRJ-GU-1114,Surat Expressway Link Road,Gujarat,Surat,Section 4 - Preliminary Notification,2023-10-21,2025-08-14,2025-08-14,663,7.0,0,Pending,593,2481.84,21.18866,72.89604,0,0,99.99,Road Transport and Highways,0.0
PRJ-UT-1115,Kanpur Dedicated Freight Corridor,Uttar Pradesh,Kanpur,Social Impact Assessment (SIA),2024-07-15,2026-07-05,2027-02-14,720,7.4,1,Pending,1205,1567.9,26.43707,80.37892,224,1,96.79,Road Transport and Highways,0.0
PRJ-RA-1116,Jaipur Smart City Bypass,Rajasthan,Jaipur,Award of Compensation (Section 23/30),2023-01-17,2024-12-24,2025-11-24,707,69.3,1,Completed,2968,2076.41,26.87089,75.77395,335,1,97.33,Road Transport and Highways,0.0
PRJ-RA-1117,Jodhpur Industrial Corridor Node,Rajasthan,Jodhpur,Section 4 - Preliminary Notification,2024-06-22,2026-05-22,2026-12-07,699,5.9,1,Pending,2104,2784.48,26.23412,73.04601,199,1,97.33,Road Transport and Highways,0.0
PRJ-KA-1118,Bengaluru Urban High-Speed Rail Corridor,Karnataka,Bengaluru Urban,Section 11 Notification,2023-09-04,2024-06-16,2024-09-23,286,19.0,0,In Progress,3036,2734.53,12.97896,77.64476,99,1,95.73,Road Transport and Highways,0.0
PRJ-OD-1119,Sambalpur Greenfield Airport Access Highway,Odisha,Sambalpur,Possession & Physical Transfer,2023-07-06,2024-05-19,2025-02-07,318,80.0,1,Completed,1899,361.39,21.52863,83.9517,264,1,99.88,Road Transport and Highways,0.0
PRJ-AN-1120,Visakhapatnam Greenfield Airport Access Highway,Andhra Pradesh,Visakhapatnam,Section 11 Notification,2023-02-07,2024-02-17,2024-06-08,375,25.0,0,Pending,220,1108.47,17.73469,83.20841,112,1,98.75,Road Transport and Highways,0.0
PRJ-KA-1121,Mysuru Industrial Corridor Node,Karnataka,Mysuru,Social Impact Assessment (SIA),2024-05-23,2026-04-12,2026-11-20,689,6.7,1,In Progress,2151,1380.61,12.22843,76.65579,222,1,95.73,Road Transport and Highways,0.0
PRJ-TA-1122,Coimbatore High-Speed Rail Corridor,Tamil Nadu,Coimbatore,Section 4 - Preliminary Notification,2023-12-02,2025-03-28,2025-07-19,482,2.5,0,Pending,2493,1176.76,11.00783,76.94734,113,1,99.92,Road Transport and Highways,0.0
PRJ-OD-1123,Bhubaneswar Metro Rail Phase-II,Odisha,Bhubaneswar,Possession & Physical Transfer,2023-02-28,2023-11-11,2024-11-12,256,95.0,1,Completed,1688,2398.47,20.36855,85.76734,367,1,99.88,Road Transport and Highways,0.0
PRJ-MA-1124,Nagpur Expressway Link Road,Maharashtra,Nagpur,Section 4 - Preliminary Notification,2023-08-30,2025-03-07,2025-11-27,555,2.3,1,Pending,2348,1363.2,21.13779,79.06755,265,1,99.96,Road Transport and Highways,0.0
PRJ-GU-1125,Surat River Valley Hydro Irrigation Link,Gujarat,Surat,Section 11 Notification,2024-02-12,2025-06-27,2025-09-26,501,15.8,0,Pending,1047,2326.03,21.17005,72.81302,91,1,99.99,Road Transport and Highways,0.0
PRJ-UT-1126,Kanpur Metro Rail Phase-II,Uttar Pradesh,Kanpur,Possession & Physical Transfer,2024-04-01,2025-05-05,2025-05-05,399,100.0,0,Completed,1194,3487.82,26.39162,80.26375,0,0,96.79,Road Transport and Highways,0.0
PRJ-OD-1127,Sambalpur High-Speed Rail Corridor,Odisha,Sambalpur,Possession & Physical Transfer,2023-11-24,2025-05-12,2026-03-09,535,97.3,1,Completed,2277,2526.96,21.50079,84.04957,301,1,99.88,Road Transport and Highways,0.0
PRJ-RA-1128,Jodhpur Dedicated Freight Corridor,Rajasthan,Jodhpur,Section 4 - Preliminary Notification,2023-07-25,2024-06-11,2025-04-12,322,8.3,1,Pending,2048,943.07,26.21793,73.07289,305,1,97.33,Road Transport and Highways,0.0
PRJ-MA-1129,Thane High-Speed Rail Corridor,Maharashtra,Thane,Section 11 Notification,2024-02-12,2025-12-13,2027-02-28,670,32.2,1,Pending,3175,1911.08,19.29388,73.00087,442,1,99.96,Road Transport and Highways,0.0
PRJ-KA-1130,Bengaluru Urban Expressway Link Road,Karnataka,Bengaluru Urban,Award of Compensation (Section 23/30),2023-07-06,2024-05-13,2024-07-02,312,73.3,0,Completed,251,1599.27,12.91795,77.56623,50,1,95.73,Road Transport and Highways,0.0
PRJ-UT-1131,Lucknow Industrial Corridor Node,Uttar Pradesh,Lucknow,Award of Compensation (Section 23/30),2023-10-18,2024-07-04,2024-10-05,260,62.4,0,Completed,2626,989.53,26.86501,80.88115,93,1,96.79,Road Transport and Highways,0.0
PRJ-WE-1132,Kolkata Smart City Bypass,West Bengal,Kolkata,Social Impact Assessment (SIA),2023-06-25,2024-12-01,2026-01-09,525,22.3,1,Pending,2333,2972.48,22.49987,88.38653,404,1,99.57,Road Transport and Highways,0.0
PRJ-WE-1133,Kolkata Multi-Modal Logistics Park,West Bengal,Kolkata,Award of Compensation (Section 23/30),2023-02-01,2024-12-21,2025-09-16,689,93.0,1,Completed,2259,3128.14,22.53178,88.41308,269,1,99.57,Road Transport and Highways,0.0
PRJ-MA-1134,Thane National Highway Expansion,Maharashtra,Thane,Social Impact Assessment (SIA),2024-03-26,2025-11-21,2025-12-02,605,7.9,0,In Progress,860,1772.24,19.25577,73.03582,11,0,99.96,Road Transport and Highways,0.0
PRJ-GU-1135,Surat Industrial Corridor Node,Gujarat,Surat,Award of Compensation (Section 23/30),2024-07-29,2025-05-13,2026-03-08,288,70.2,1,In Progress,1935,1219.04,21.10569,72.79753,299,1,99.99,Road Transport and Highways,0.0
PRJ-UT-1136,Lucknow Expressway Link Road,Uttar Pradesh,Lucknow,Section 11 Notification,2024-08-14,2025-12-27,2025-12-27,500,30.4,0,In Progress,677,785.94,26.90735,80.94578,0,0,96.79,Road Transport and Highways,0.0
PRJ-KA-1137,Mysuru River Valley Hydro Irrigation Link,Karnataka,Mysuru,Section 19 Declaration (R&R Scheme),2023-09-04,2024-10-08,2025-02-07,400,52.3,1,In Progress,224,2104.2,12.26152,76.56071,122,1,95.73,Road Transport and Highways,0.0
PRJ-GU-1138,Surat Metro Rail Phase-II,Gujarat,Surat,Possession & Physical Transfer,2024-01-10,2025-08-24,2026-06-10,592,89.0,1,Completed,1665,1375.89,21.13638,72.81292,290,1,99.99,Road Transport and Highways,0.0
PRJ-MA-1139,Bhopal Smart City Bypass,Madhya Pradesh,Bhopal,Section 4 - Preliminary Notification,2023-05-12,2024-02-15,2024-09-08,279,5.5,1,Pending,1413,1469.58,23.20298,77.42899,206,1,99.97,Road Transport and Highways,0.0
PRJ-MA-1140,Nagpur National Highway Expansion,Maharashtra,Nagpur,Section 4 - Preliminary Notification,2023-05-21,2024-10-23,2025-08-05,521,9.1,1,Pending,2152,2843.29,21.14828,79.06067,286,1,99.96,Road Transport and Highways,0.0
PRJ-KA-1141,Mysuru Smart City Bypass,Karnataka,Mysuru,Possession & Physical Transfer,2023-11-03,2025-04-10,2026-02-13,524,92.7,1,Completed,2112,1849.51,12.34632,76.61834,309,1,95.73,Road Transport and Highways,0.0
PRJ-WE-1142,Kolkata Metro Rail Phase-II,West Bengal,Kolkata,Possession & Physical Transfer,2023-01-28,2024-11-23,2025-02-09,665,94.4,0,Completed,2710,1039.53,22.60802,88.37726,78,1,99.57,Road Transport and Highways,0.0
PRJ-BI-1143,Patna Smart City Bypass,Bihar,Patna,Section 19 Declaration (R&R Scheme),2023-06-01,2024-08-02,2025-08-13,428,30.9,1,In Progress,2894,255.76,25.5811,85.12367,376,1,99.55,Road Transport and Highways,0.0
PRJ-RA-1144,Jaipur National Highway Expansion,Rajasthan,Jaipur,Possession & Physical Transfer,2023-05-22,2025-05-02,2025-05-30,711,87.0,0,Completed,1356,844.59,26.98547,75.78085,28,0,97.33,Road Transport and Highways,0.0
PRJ-TA-1145,Coimbatore River Valley Hydro Irrigation Link,Tamil Nadu,Coimbatore,Section 11 Notification,2023-09-28,2025-08-03,2025-09-20,675,24.0,0,In Progress,1034,794.08,11.06019,76.98858,48,1,99.92,Road Transport and Highways,0.0
PRJ-RA-1146,Jaipur Industrial Corridor Node,Rajasthan,Jaipur,Section 19 Declaration (R&R Scheme),2023-12-24,2025-03-28,2025-05-12,460,47.1,0,Completed,2373,1114.09,26.96334,75.86004,45,1,97.33,Road Transport and Highways,0.0
PRJ-MA-1147,Nagpur Metro Rail Phase-II,Maharashtra,Nagpur,Possession & Physical Transfer,2023-03-22,2024-09-06,2025-07-02,534,87.0,1,Completed,2711,3245.43,21.15197,79.15748,299,1,99.96,Road Transport and Highways,0.0
PRJ-GU-1148,Ahmedabad Smart City Bypass,Gujarat,Ahmedabad,Possession & Physical Transfer,2024-08-23,2025-10-22,2025-12-23,425,80.6,0,Completed,2768,962.23,22.95853,72.54425,62,1,99.99,Road Transport and Highways,0.0
PRJ-GU-1149,Surat National Highway Expansion,Gujarat,Surat,Award of Compensation (Section 23/30),2023-06-11,2025-01-27,2025-10-02,596,59.0,1,Completed,1973,2337.19,21.14159,72.85444,248,1,99.99,Road Transport and Highways,0.0
PRJ-UT-1150,Lucknow River Valley Hydro Irrigation Link,Uttar Pradesh,Lucknow,Possession & Physical Transfer,2023-02-08,2024-02-02,2024-02-02,359,75.9,0,Completed,745,1549.91,26.89277,80.89601,0,0,96.79,Road Transport and Highways,0.0
PRJ-MA-1151,Nagpur National Highway Expansion,Maharashtra,Nagpur,Section 11 Notification,2024-08-04,2025-05-20,2026-01-03,289,44.7,1,In Progress,1397,3260.32,21.20808,79.02967,228,1,99.96,Road Transport and Highways,0.0
PRJ-UT-1152,Kanpur Dedicated Freight Corridor,Uttar Pradesh,Kanpur,Section 4 - Preliminary Notification,2023-12-05,2024-11-15,2025-10-06,346,2.8,1,Pending,2680,2599.25,26.48776,80.37842,325,1,96.79,Road Transport and Highways,0.0
PRJ-GU-1153,Vadodara Smart City Bypass,Gujarat,Vadodara,Possession & Physical Transfer,2024-02-20,2025-10-29,2025-10-29,617,77.4,0,Completed,380,1876.19,22.30359,73.25093,0,0,99.99,Road Transport and Highways,0.0
PRJ-UT-1154,Kanpur Multi-Modal Logistics Park,Uttar Pradesh,Kanpur,Social Impact Assessment (SIA),2024-04-02,2025-06-29,2025-11-16,453,16.5,1,In Progress,1261,3346.02,26.47449,80.36274,140,1,96.79,Road Transport and Highways,0.0
PRJ-GU-1155,Ahmedabad Greenfield Airport Access Highway,Gujarat,Ahmedabad,Section 11 Notification,2023-06-13,2025-01-28,2025-04-06,595,35.7,0,In Progress,2906,2448.35,23.00131,72.52674,68,1,99.99,Road Transport and Highways,0.0
PRJ-GU-1156,Surat Greenfield Airport Access Highway,Gujarat,Surat,Possession & Physical Transfer,2024-01-18,2025-09-14,2025-11-29,605,95.0,0,Completed,1953,2501.5,21.2121,72.85995,76,1,99.99,Road Transport and Highways,0.0
PRJ-RA-1157,Jodhpur Greenfield Airport Access Highway,Rajasthan,Jodhpur,Award of Compensation (Section 23/30),2024-01-06,2024-09-21,2025-03-29,259,74.6,1,In Progress,484,3222.77,26.25053,72.96828,189,1,97.33,Road Transport and Highways,0.0
PRJ-OD-1158,Sambalpur High-Speed Rail Corridor,Odisha,Sambalpur,Possession & Physical Transfer,2023-07-30,2025-06-09,2026-06-02,680,76.4,1,In Progress,2115,454.65,21.45337,83.99143,358,1,99.88,Road Transport and Highways,0.0
PRJ-TA-1159,Chennai National Highway Expansion,Tamil Nadu,Chennai,Section 19 Declaration (R&R Scheme),2023-09-18,2024-03-19,2024-11-06,183,49.1,1,Pending,2393,2648.45,13.08929,80.20034,232,1,99.92,Road Transport and Highways,0.0
PRJ-OD-1160,Bhubaneswar Expressway Link Road,Odisha,Bhubaneswar,Social Impact Assessment (SIA),2024-03-06,2025-09-20,2026-08-11,563,23.3,1,In Progress,1591,3476.07,20.2762,85.85374,325,1,99.88,Road Transport and Highways,0.0
PRJ-BI-1161,Patna Industrial Corridor Node,Bihar,Patna,Section 4 - Preliminary Notification,2023-07-02,2025-02-03,2025-06-18,582,12.5,0,Pending,3006,1921.62,25.63509,85.21416,135,1,99.55,Road Transport and Highways,0.0
PRJ-AN-1162,Visakhapatnam Multi-Modal Logistics Park,Andhra Pradesh,Visakhapatnam,Award of Compensation (Section 23/30),2024-01-24,2025-03-14,2025-09-29,415,58.5,1,In Progress,1442,979.17,17.61195,83.24413,199,1,98.75,Road Transport and Highways,0.0
PRJ-UT-1163,Lucknow Dedicated Freight Corridor,Uttar Pradesh,Lucknow,Section 4 - Preliminary Notification,2023-04-14,2023-11-14,2024-02-10,214,0.7,0,Pending,2777,1645.58,26.88519,80.93056,88,1,96.79,Road Transport and Highways,0.0
PRJ-UT-1164,Varanasi National Highway Expansion,Uttar Pradesh,Varanasi,Social Impact Assessment (SIA),2024-05-30,2025-09-18,2026-08-17,476,16.5,1,In Progress,3021,934.44,25.2755,83.0341,333,1,96.79,Road Transport and Highways,0.0
PRJ-OD-1165,Bhubaneswar Metro Rail Phase-II,Odisha,Bhubaneswar,Section 11 Notification,2023-03-04,2024-02-26,2025-01-24,359,16.4,1,In Progress,1774,2247.08,20.36675,85.85191,333,1,99.88,Road Transport and Highways,0.0
PRJ-OD-1166,Bhubaneswar Multi-Modal Logistics Park,Odisha,Bhubaneswar,Social Impact Assessment (SIA),2023-11-04,2025-05-22,2026-02-12,565,22.0,1,In Progress,2228,765.99,20.35331,85.7676,266,1,99.88,Road Transport and Highways,0.0
PRJ-OD-1167,Bhubaneswar Multi-Modal Logistics Park,Odisha,Bhubaneswar,Award of Compensation (Section 23/30),2024-06-26,2025-05-09,2025-08-11,317,79.1,1,Completed,1069,1451.2,20.35164,85.75929,94,1,99.88,Road Transport and Highways,0.0
PRJ-UT-1168,Kanpur Multi-Modal Logistics Park,Uttar Pradesh,Kanpur,Possession & Physical Transfer,2023-02-10,2023-10-22,2024-04-14,254,91.8,1,Completed,3144,780.35,26.40332,80.39703,175,1,96.79,Road Transport and Highways,0.0
PRJ-UT-1169,Varanasi High-Speed Rail Corridor,Uttar Pradesh,Varanasi,Possession & Physical Transfer,2024-05-05,2025-07-07,2026-06-06,428,97.9,1,Completed,2907,2480.35,25.36168,82.95481,334,1,96.79,Road Transport and Highways,0.0
PRJ-TA-1170,Chennai Metro Rail Phase-II,Tamil Nadu,Chennai,Section 11 Notification,2024-06-09,2026-04-29,2027-03-02,689,40.2,1,Pending,2984,1711.11,13.06201,80.25693,307,1,99.92,Road Transport and Highways,0.0
PRJ-UT-1171,Kanpur River Valley Hydro Irrigation Link,Uttar Pradesh,Kanpur,Award of Compensation (Section 23/30),2024-08-16,2026-04-15,2026-12-29,607,67.1,1,In Progress,828,1138.89,26.44979,80.35664,258,1,96.79,Road Transport and Highways,0.0
PRJ-UT-1172,Kanpur Greenfield Airport Access Highway,Uttar Pradesh,Kanpur,Possession & Physical Transfer,2024-05-17,2026-02-27,2026-09-26,651,93.0,1,Completed,1467,713.58,26.5166,80.33864,211,1,96.79,Road Transport and Highways,0.0
PRJ-RA-1173,Jodhpur National Highway Expansion,Rajasthan,Jodhpur,Section 4 - Preliminary Notification,2023-02-19,2023-08-24,2024-05-01,186,10.6,1,Pending,2608,1531.51,26.16036,73.02522,251,1,97.33,Road Transport and Highways,0.0
PRJ-BI-1174,Patna Smart City Bypass,Bihar,Patna,Section 19 Declaration (R&R Scheme),2024-05-14,2024-11-26,2026-05-17,196,30.8,1,In Progress,2284,172.15,25.59982,85.10347,537,1,99.55,Road Transport and Highways,0.0
PRJ-OD-1175,Bhubaneswar Expressway Link Road,Odisha,Bhubaneswar,Section 4 - Preliminary Notification,2023-04-09,2025-03-25,2025-03-25,716,3.8,0,Pending,811,648.81,20.27281,85.87169,0,0,99.88,Road Transport and Highways,0.0
PRJ-KA-1176,Bengaluru Urban Multi-Modal Logistics Park,Karnataka,Bengaluru Urban,Section 19 Declaration (R&R Scheme),2024-08-01,2025-10-04,2026-03-08,429,67.3,1,Pending,950,3467.28,12.9962,77.65192,155,1,95.73,Road Transport and Highways,0.0
PRJ-KA-1177,Mysuru Multi-Modal Logistics Park,Karnataka,Mysuru,Award of Compensation (Section 23/30),2024-05-02,2024-12-25,2025-06-09,237,72.5,1,Completed,2903,2283.11,12.31899,76.6124,166,1,95.73,Road Transport and Highways,0.0
PRJ-UT-1178,Lucknow Dedicated Freight Corridor,Uttar Pradesh,Lucknow,Possession & Physical Transfer,2024-08-03,2026-05-31,2026-05-31,666,82.0,0,Completed,329,1058.17,26.872,80.8949,0,0,96.79,Road Transport and Highways,0.0
PRJ-MA-1179,Pune Dedicated Freight Corridor,Maharashtra,Pune,Award of Compensation (Section 23/30),2023-05-28,2025-01-04,2025-06-08,587,60.8,1,Completed,1250,3261.73,18.54873,73.86319,155,1,99.96,Road Transport and Highways,0.0
PRJ-MA-1180,Thane River Valley Hydro Irrigation Link,Maharashtra,Thane,Possession & Physical Transfer,2023-12-21,2024-08-11,2024-08-12,234,83.5,0,Completed,975,477.25,19.29108,72.96157,1,0,99.96,Road Transport and Highways,0.0
PRJ-MA-1181,Pune Metro Rail Phase-II,Maharashtra,Pune,Section 19 Declaration (R&R Scheme),2024-05-17,2025-07-04,2025-12-03,413,60.6,1,In Progress,1562,1341.97,18.45411,73.87568,152,1,99.96,Road Transport and Highways,0.0
PRJ-UT-1182,Kanpur Expressway Link Road,Uttar Pradesh,Kanpur,Section 19 Declaration (R&R Scheme),2023-06-07,2025-01-05,2025-03-30,578,72.4,1,In Progress,461,1210.87,26.42749,80.29506,84,1,96.79,Road Transport and Highways,0.0
PRJ-GU-1183,Vadodara Multi-Modal Logistics Park,Gujarat,Vadodara,Section 19 Declaration (R&R Scheme),2024-07-24,2026-06-28,2027-01-08,704,54.9,1,In Progress,132,1516.95,22.36539,73.10317,194,1,99.99,Road Transport and Highways,0.0
PRJ-MA-1184,Thane River Valley Hydro Irrigation Link,Maharashtra,Thane,Social Impact Assessment (SIA),2024-08-08,2026-07-22,2027-04-17,713,10.4,1,In Progress,1584,718.1,19.2172,72.90822,269,1,99.96,Road Transport and Highways,0.0
PRJ-TA-1185,Chennai Greenfield Airport Access Highway,Tamil Nadu,Chennai,Section 4 - Preliminary Notification,2024-01-05,2025-03-17,2025-09-30,437,8.9,1,Pending,2977,3313.14,13.03399,80.20782,197,1,99.92,Road Transport and Highways,0.0
PRJ-TA-1186,Coimbatore Smart City Bypass,Tamil Nadu,Coimbatore,Section 19 Declaration (R&R Scheme),2023-12-04,2025-08-25,2026-02-14,630,36.1,0,Completed,2691,1271.37,11.03331,76.98705,173,1,99.92,Road Transport and Highways,0.0
PRJ-KA-1187,Mysuru Industrial Corridor Node,Karnataka,Mysuru,Section 11 Notification,2024-05-17,2025-07-19,2025-10-24,428,26.8,0,Pending,1173,1241.72,12.36493,76.59137,97,1,95.73,Road Transport and Highways,0.0
PRJ-AN-1188,Visakhapatnam National Highway Expansion,Andhra Pradesh,Visakhapatnam,Possession & Physical Transfer,2024-04-17,2025-05-16,2025-05-16,394,76.7,0,Completed,1218,1618.82,17.73401,83.24618,0,0,98.75,Road Transport and Highways,0.0
PRJ-BI-1189,Patna Metro Rail Phase-II,Bihar,Patna,Social Impact Assessment (SIA),2023-09-16,2024-08-18,2025-08-22,337,24.8,1,In Progress,1569,2546.04,25.60726,85.1431,369,1,99.55,Road Transport and Highways,0.0
PRJ-MA-1190,Nagpur Industrial Corridor Node,Maharashtra,Nagpur,Possession & Physical Transfer,2024-07-03,2025-03-27,2025-05-12,267,83.9,0,Completed,1041,516.39,21.07289,79.16558,46,1,99.96,Road Transport and Highways,0.0
PRJ-BI-1191,Patna Multi-Modal Logistics Park,Bihar,Patna,Section 11 Notification,2024-03-16,2024-12-29,2025-06-13,288,37.4,0,Pending,1084,185.34,25.58542,85.12018,166,1,99.55,Road Transport and Highways,0.0
PRJ-RA-1192,Jodhpur Expressway Link Road,Rajasthan,Jodhpur,Section 11 Notification,2023-01-26,2024-11-30,2025-06-06,674,17.6,0,Pending,1728,500.24,26.21463,72.99919,188,1,97.33,Road Transport and Highways,0.0
PRJ-KA-1193,Bengaluru Urban Greenfield Airport Access Highway,Karnataka,Bengaluru Urban,Section 4 - Preliminary Notification,2024-03-24,2025-12-27,2026-05-29,643,10.7,1,Pending,1254,1218.35,12.89521,77.56949,153,1,95.73,Road Transport and Highways,0.0
PRJ-GU-1194,Vadodara Dedicated Freight Corridor,Gujarat,Vadodara,Award of Compensation (Section 23/30),2023-06-28,2024-06-05,2024-10-12,343,60.4,0,Completed,1771,1258.82,22.32796,73.13102,129,1,99.99,Road Transport and Highways,0.0
PRJ-KA-1195,Mysuru National Highway Expansion,Karnataka,Mysuru,Possession & Physical Transfer,2023-07-22,2025-04-22,2026-02-14,640,80.4,1,Completed,1617,2133.88,12.3284,76.68676,298,1,95.73,Road Transport and Highways,0.0
PRJ-GU-1196,Vadodara Industrial Corridor Node,Gujarat,Vadodara,Section 11 Notification,2023-07-21,2025-04-29,2025-07-17,648,30.8,0,In Progress,2772,531.75,22.32272,73.19901,79,1,99.99,Road Transport and Highways,0.0
PRJ-KA-1197,Bengaluru Urban Industrial Corridor Node,Karnataka,Bengaluru Urban,Section 19 Declaration (R&R Scheme),2023-06-26,2024-10-22,2026-02-24,484,36.0,1,Pending,2442,3227.59,12.92977,77.53331,490,1,95.73,Road Transport and Highways,0.0
PRJ-OD-1198,Bhubaneswar Smart City Bypass,Odisha,Bhubaneswar,Social Impact Assessment (SIA),2024-08-11,2026-03-06,2026-12-01,572,18.9,1,Pending,2018,1567.18,20.30489,85.82284,270,1,99.88,Road Transport and Highways,0.0
PRJ-MA-1199,Bhopal National Highway Expansion,Madhya Pradesh,Bhopal,Section 11 Notification,2023-01-10,2024-11-16,2025-04-01,676,30.2,0,In Progress,1597,607.39,23.24536,77.41128,136,1,99.97,Road Transport and Highways,0.0
PRJ-RA-1200,Jaipur Expressway Link Road,Rajasthan,Jaipur,Section 4 - Preliminary Notification,2024-08-01,2025-02-28,2025-03-18,211,4.1,0,Pending,928,2816.2,26.91842,75.73421,18,0,97.33,Road Transport and Highways,0.0
PRJ-MOSPI-2001,Interim Terminal Building at Vijayawada Airport,Andhra Pradesh,Krishna,Possession & Physical Transfer,2020-04-01,2023-03-01,2023-03-01,1064,95.0,0,Completed,917,611.8,16.5305,80.7968,0,0,98.75,Civil Aviation,0.0
PRJ-MOSPI-2002,Ext and Str. of Existing Runway 08/26 at Tirupati Airport,Andhra Pradesh,Chittoor,Section 19 Declaration (R&R Scheme),2017-08-01,2020-02-01,2021-12-01,914,55.4,1,In Progress,265,177.1,13.6324,79.5434,669,1,98.75,Civil Aviation,0.0
PRJ-MOSPI-2003,Construction of Permanent Campus for IISER at Jangalapalli,Andhra Pradesh,Chittoor,Award of Compensation (Section 23/30),2019-09-01,2022-09-01,2023-01-01,1096,90.0,1,In Progress,883,588.72,13.6828,79.51,122,1,98.75,Higher Education,0.0
PRJ-MOSPI-2004,Construction of Permanent Campus for NITAP Phase 1b at Tadepalligudem,Andhra Pradesh,West Godavari,Section 19 Declaration (R&R Scheme),2019-02-01,2020-09-01,2022-06-01,578,57.5,1,In Progress,279,205.0,16.815,81.527,638,1,98.75,Higher Education,10.2
PRJ-MOSPI-2005,Construction of Permanent Campus for IIT Tirupati at Merlapaka,Andhra Pradesh,Chittoor,Section 19 Declaration (R&R Scheme),2019-02-01,2020-06-01,2022-12-01,486,39.1,1,In Progress,983,655.34,13.6288,79.4192,913,1,98.75,Higher Education,0.0
PRJ-MOSPI-2006,"Residential Complex and OPD Block, AIIMS Mangalagiri",Andhra Pradesh,Guntur,Section 19 Declaration (R&R Scheme),2017-08-01,2019-03-01,2021-03-01,577,51.3,1,In Progress,408,272.54,16.435,80.56,731,1,98.75,Health and Family Welfare,0.1
PRJ-MOSPI-2007,Hospital and Teaching Block - AIIMS Guntur,Andhra Pradesh,Guntur,Award of Compensation (Section 23/30),2018-03-01,2020-06-01,2021-06-01,823,81.8,1,In Progress,901,601.02,16.44,80.57,365,1,98.75,Health and Family Welfare,0.0
PRJ-MOSPI-2008,Development of Coastal Terminal at Krishnapatnam Port,Andhra Pradesh,Nellore,Section 19 Declaration (R&R Scheme),2017-07-01,2021-02-01,2023-03-01,1311,49.5,1,In Progress,870,580.2,14.25,80.12,758,1,98.75,Petroleum,0.0
PRJ-MOSPI-2009,Sulphur Forming Unit in SRU,Andhra Pradesh,Visakhapatnam,Possession & Physical Transfer,2020-10-01,2021-08-01,2021-08-01,304,95.0,0,Completed,316,210.94,17.6868,83.2185,0,0,98.75,Petroleum,0.0
PRJ-MOSPI-2010,RUF Pitch Loading Gantry,Andhra Pradesh,Visakhapatnam,Possession & Physical Transfer,2020-10-01,2022-11-01,2022-11-01,761,95.0,0,Completed,498,332.61,17.69,83.22,0,0,98.75,Petroleum,0.0
PRJ-MOSPI-2011,220 KV Grid Supply Visakhapatnam,Andhra Pradesh,Visakhapatnam,Award of Compensation (Section 23/30),2020-10-01,2021-03-01,2021-08-01,151,90.0,1,In Progress,455,303.4,17.7,83.21,153,1,98.75,Petroleum,0.0
PRJ-MOSPI-2012,SWRO II with LLPH Facilities,Andhra Pradesh,Visakhapatnam,Section 19 Declaration (R&R Scheme),2019-09-01,2020-07-01,2021-09-01,304,71.5,1,In Progress,294,196.26,17.695,83.225,427,1,98.75,Petroleum,0.0
PRJ-MOSPI-2013,Visakh Refinery Modernisation Project (VRMP),Andhra Pradesh,Visakhapatnam,Section 19 Declaration (R&R Scheme),2016-07-01,2020-07-01,2022-07-01,1461,51.3,1,In Progress,6000,26264.0,17.71,83.23,730,1,98.75,Petroleum,25.5
PRJ-MOSPI-2014,LPG BP Project Chittoor,Andhra Pradesh,Chittoor,Possession & Physical Transfer,2019-07-01,2022-07-01,2022-07-01,1096,95.0,0,Completed,250,167.0,13.2172,79.1003,0,0,98.75,Petroleum,0.0
PRJ-MOSPI-2015,Revamping of Vijayawada Terminal for Conversion to TOP,Andhra Pradesh,Krishna,Award of Compensation (Section 23/30),2018-10-01,2021-10-01,2022-03-01,1096,90.0,1,In Progress,474,316.2,16.5062,80.648,151,1,98.75,Petroleum,0.0
PRJ-MOSPI-2016,Grass Root Petroleum TOP at Chutapuram,Andhra Pradesh,Anantapur,Award of Compensation (Section 23/30),2018-08-01,2021-04-01,2021-12-01,974,87.8,0,In Progress,699,466.0,14.6819,77.6006,244,1,98.75,Petroleum,0.0
PRJ-MOSPI-2017,Revamping of Facilities at Vizag Coastal Terminal,Andhra Pradesh,Visakhapatnam,Award of Compensation (Section 23/30),2018-04-01,2022-04-01,2023-02-01,1461,84.7,1,In Progress,532,355.0,17.715,83.24,306,1,98.75,Petroleum,0.0
PRJ-MOSPI-2018,Rail Fed Depot at Guntakal,Andhra Pradesh,Anantapur,Possession & Physical Transfer,2017-08-01,2021-04-01,2021-03-01,1339,95.0,0,Completed,576,384.58,15.1667,77.3667,0,0,98.75,Petroleum,0.0
PRJ-MOSPI-2019,KG-DWN-98/2 Cluster II Deepwater Development Project,Andhra Pradesh,East Godavari,Section 19 Declaration (R&R Scheme),2016-03-01,2020-06-01,2022-06-01,1553,51.3,1,In Progress,6000,25090.0,16.9891,82.2475,730,1,98.75,Petroleum,0.0
PRJ-MOSPI-2020,Multi Modal Logistics Park at Kakinada Port,Andhra Pradesh,East Godavari,Section 19 Declaration (R&R Scheme),2016-08-01,2019-03-01,2022-03-01,942,26.9,1,In Progress,351,235.0,16.9604,82.2381,1096,1,98.75,Railways,0.2
PRJ-MOSPI-2021,Multi Modal Logistics Park at Visakhapatnam,Andhra Pradesh,Visakhapatnam,Section 19 Declaration (R&R Scheme),2013-01-01,2018-03-01,2021-12-01,1885,25.0,1,In Progress,581,487.13,17.72,83.25,1371,1,98.75,Railways,25.6
PRJ-MOSPI-2022,Kottavalasa - Koraput Railway Line Doubling,Andhra Pradesh,Vizianagaram,Section 19 Declaration (R&R Scheme),2015-04-01,2022-03-01,2024-03-01,2526,51.3,1,In Progress,3749,2499.71,18.1167,83.4167,731,1,98.75,Railways,0.0
PRJ-MOSPI-2023,Vijayawada - Gudur 3rd Railway Line Project,Andhra Pradesh,Krishna,Award of Compensation (Section 23/30),2015-04-01,2023-12-01,2024-06-01,3166,90.0,1,In Progress,4869,3548.68,16.51,80.65,183,1,98.75,Railways,9.3
PRJ-MOSPI-2024,Vijayawada - Gudivada - Bhimavaram - Narsapur Doubling & Electrification,Andhra Pradesh,West Godavari,Section 19 Declaration (R&R Scheme),2012-03-01,2020-03-01,2022-03-01,2922,51.3,1,Pending,2255,3377.0,16.54,81.52,730,1,98.75,Railways,124.6
PRJ-MOSPI-2025,Gudur - Durgarajapatnam Port Railway Link,Andhra Pradesh,Nellore,Section 19 Declaration (R&R Scheme),2011-04-01,2016-03-01,2022-03-01,1796,25.0,1,In Progress,1142,761.37,14.15,79.85,2191,1,98.75,Railways,0.0
PRJ-MOSPI-2026,Cumbum - Proddatur Railway Project,Andhra Pradesh,Kadapa,Section 19 Declaration (R&R Scheme),2013-04-01,2018-03-01,2023-03-01,1795,25.0,1,In Progress,1243,829.0,14.75,78.55,1826,1,98.75,Railways,0.0
PRJ-MOSPI-2027,Duvvada - Vijayawada 3rd Line Railway Capacity Augmentation,Andhra Pradesh,Visakhapatnam,Section 19 Declaration (R&R Scheme),2015-04-01,2020-03-01,2023-03-01,1796,27.0,1,In Progress,5809,3873.07,17.7,83.15,1095,1,98.75,Railways,0.0
PRJ-MOSPI-2028,Guntur - Guntakal Railway Line Doubling (SCR),Andhra Pradesh,Guntur,Section 19 Declaration (R&R Scheme),2016-04-01,2022-03-01,2024-03-01,2160,51.3,1,In Progress,5446,3887.48,16.3,80.45,731,1,98.75,Railways,7.1
PRJ-MOSPI-2029,Nadikude - Srikalahasti New Broad Gauge Line,Andhra Pradesh,Guntur,Section 19 Declaration (R&R Scheme),2011-04-01,2021-03-01,2024-03-01,3622,26.9,1,In Progress,3433,2643.25,16.58,79.95,1096,1,98.75,Railways,15.5
PRJ-MOSPI-2030,Kotipalli - Narsapur New Railway Line (SCR),Andhra Pradesh,East Godavari,Section 19 Declaration (R&R Scheme),2001-12-01,2009-03-01,2024-03-01,2647,25.0,1,Pending,1567,2120.16,16.69,82.02,5479,1,98.75,Railways,102.8
PRJ-MOSPI-2031,Nandyal - Yerraguntla New Broad Gauge Line (SCR),Andhra Pradesh,Kurnool,Section 19 Declaration (R&R Scheme),1996-03-01,2009-02-01,2020-03-01,4720,25.0,1,Pending,246,1050.0,15.48,78.48,4046,1,98.75,Railways,538.8
PRJ-MOSPI-2032,Rehabilitation of New NH-544e Kodikonda - Madakasira,Andhra Pradesh,Anantapur,Section 19 Declaration (R&R Scheme),2018-03-01,2018-11-01,2021-07-01,245,35.1,1,In Progress,756,504.19,14.1,77.25,973,1,98.75,Road Transport and Highways,0.0
PRJ-MOSPI-2033,Rehabilitation and Upgradation of NH-565 Dornala - Tokapalli,Andhra Pradesh,Prakasam,Section 19 Declaration (R&R Scheme),2018-01-01,2018-08-01,2021-08-01,212,26.9,1,In Progress,627,418.03,15.9,79.1,1096,1,98.75,Road Transport and Highways,0.0
PRJ-MOSPI-2034,Upgradation of NH-544dd Kalyandurg Section,Andhra Pradesh,Anantapur,Section 19 Declaration (R&R Scheme),2018-03-01,2018-08-01,2021-11-01,153,25.0,1,In Progress,434,289.67,14.55,77.1,1188,1,98.75,Road Transport and Highways,0.0
PRJ-MOSPI-2035,Rehabilitation of NH-326a Srikakulam Section,Andhra Pradesh,Srikakulam,Section 19 Declaration (R&R Scheme),2018-03-01,2018-08-01,2021-12-01,153,25.0,1,In Progress,342,228.32,18.3,83.9,1218,1,98.75,Road Transport and Highways,0.0
PRJ-MOSPI-2036,Rehabilitation and Upgradation of NH-340 Rayachoti Section,Andhra Pradesh,Kadapa,Section 19 Declaration (R&R Scheme),2017-01-01,2017-08-01,2021-06-01,212,25.0,1,In Progress,478,319.28,14.05,78.75,1400,1,98.75,Road Transport and Highways,0.0
PRJ-MOSPI-2037,Construction of 4-lane Bypass to Vizianagaram Town on NH-43,Andhra Pradesh,Vizianagaram,Section 19 Declaration (R&R Scheme),2017-02-01,2017-11-01,2021-10-01,273,25.0,1,In Progress,644,429.43,18.12,83.4,1430,1,98.75,Road Transport and Highways,0.0
PRJ-MOSPI-2038,Upgradation of Machilipatnam to Avanigadda NH-216 Section,Andhra Pradesh,Krishna,Section 19 Declaration (R&R Scheme),2016-11-01,2017-08-01,2021-08-01,273,25.0,1,In Progress,564,376.25,16.18,81.13,1461,1,98.75,Road Transport and Highways,0.0
PRJ-MOSPI-2039,Rehabilitation of Existing NH-167 Adoni - Alur Section,Andhra Pradesh,Kurnool,Section 19 Declaration (R&R Scheme),2016-11-01,2017-05-01,2021-06-01,181,25.0,1,In Progress,435,290.15,15.63,77.27,1492,1,98.75,Road Transport and Highways,0.0
PRJ-MOSPI-2040,Rehabilitation of Repalle to Eeppurpalem Section NH-216,Andhra Pradesh,Guntur,Section 19 Declaration (R&R Scheme),2017-01-01,2018-01-01,2022-04-01,365,25.0,1,In Progress,864,576.48,16.02,80.85,1551,1,98.75,Road Transport and Highways,0.0
PRJ-MOSPI-2041,Four Laning of Gundugolanu - Devarapalli - Kovvuru NH-16 Section,Andhra Pradesh,West Godavari,Section 19 Declaration (R&R Scheme),2018-03-01,2021-03-01,2021-10-01,1096,85.0,1,In Progress,2298,2499.0,16.9,81.4,214,1,98.75,Road Transport and Highways,63.1
PRJ-MOSPI-2042,Six Laning of Narasannapeta - Ranastalam Section of NH-16,Andhra Pradesh,Srikakulam,Section 19 Declaration (R&R Scheme),2017-12-01,2020-06-01,2021-07-01,913,73.7,1,In Progress,1984,1323.15,18.25,83.75,395,1,98.75,Road Transport and Highways,0.0
PRJ-MOSPI-2043,Six Laning of NH-140 Chittoor to Mallavaram Section,Andhra Pradesh,Chittoor,Section 19 Declaration (R&R Scheme),2018-03-01,2020-03-01,2021-09-01,731,63.4,1,In Progress,2326,1550.98,13.35,79.2,549,1,98.75,Road Transport and Highways,0.0
PRJ-MOSPI-2044,Six Laning of Anandapuram - Pendurthi - Anakapalli NH-16,Andhra Pradesh,Visakhapatnam,Section 19 Declaration (R&R Scheme),2018-02-01,2020-02-01,2021-10-01,730,59.5,1,In Progress,2938,1959.0,17.68,83.0,608,1,98.75,Road Transport and Highways,0.0
PRJ-MOSPI-2045,Dedicated Port Access Highway to Krishnapatnam Port,Andhra Pradesh,Nellore,Section 19 Declaration (R&R Scheme),2018-03-01,2020-03-01,2022-03-01,731,51.3,1,In Progress,471,314.43,14.28,80.08,730,1,98.75,Road Transport and Highways,0.0
PRJ-MOSPI-2046,6-Laning of Vijayawada Bypass from Gollapudi to Chinnakakani,Andhra Pradesh,Krishna,Section 19 Declaration (R&R Scheme),2019-11-01,2021-02-01,2023-06-01,458,43.3,1,In Progress,2401,1601.1,16.52,80.6,850,1,98.75,Road Transport and Highways,0.0
PRJ-MOSPI-2047,6-Laning of Vijayawada Bypass Chinna Avutupalli to Gollapudi,Andhra Pradesh,Krishna,Section 19 Declaration (R&R Scheme),2019-11-01,2021-02-01,2023-06-01,458,43.3,1,In Progress,1840,1226.88,16.55,80.68,850,1,98.75,Road Transport and Highways,0.0
PRJ-MOSPI-2048,Six Laning of Ranastalam - Anandapuram Section of NH-16,Andhra Pradesh,Visakhapatnam,Section 19 Declaration (R&R Scheme),2017-03-01,2020-03-01,2022-03-01,1096,51.3,1,In Progress,1562,1187.1,17.9,83.45,730,1,98.75,Road Transport and Highways,14.0
PRJ-MOSPI-2049,Four Laning of NH-9 Vijayawada to Machilipatnam Corridor,Andhra Pradesh,Krishna,Section 19 Declaration (R&R Scheme),2016-01-01,2018-11-01,2021-12-01,1035,25.0,1,In Progress,1702,1134.97,16.35,80.9,1126,1,98.75,Road Transport and Highways,0.0
PRJ-MOSPI-2050,Vijayawada - Gundugolanu Section NH-16 Expansion,Andhra Pradesh,Krishna,Section 19 Declaration (R&R Scheme),2014-09-01,2017-02-01,2021-03-01,884,25.0,1,In Progress,2526,1684.0,16.7,80.95,1489,1,98.75,Road Transport and Highways,0.0
PRJ-MOSPI-2051,Six Laning of Nellore - Chilkaluripet NH-16 Highway,Andhra Pradesh,Nellore,Section 19 Declaration (R&R Scheme),2011-11-01,2014-05-01,2021-06-01,912,25.0,1,In Progress,2302,1535.0,14.4426,79.9865,2588,1,98.75,Road Transport and Highways,0.0
PRJ-MOSPI-2052,Tirupati - Tiruttani - Chennai Highway Corridor (NH-205),Andhra Pradesh,Chittoor,Section 19 Declaration (R&R Scheme),2011-04-01,2013-10-01,2021-03-01,914,25.0,1,In Progress,856,571.0,13.5,79.6,2708,1,98.75,Road Transport and Highways,0.0
PRJ-MOSPI-2053,Visakhapatnam Steel Plant Coke Oven Battery-5,Andhra Pradesh,Visakhapatnam,Section 19 Declaration (R&R Scheme),2011-12-01,2017-12-01,2022-03-01,2192,25.0,1,In Progress,4287,2558.0,17.65,83.18,1551,1,98.75,Steel,0.0
PRJ-MOSPI-2054,Polavaram National Multipurpose Irrigation Project,Andhra Pradesh,West Godavari,Section 19 Declaration (R&R Scheme),2009-02-01,2020-03-01,2024-06-01,4046,25.0,1,Pending,6000,55548.87,17.25,81.65,1553,1,98.75,Water Resources,447.2
